{
  "Netherlands": "nl",
  "France": "fr",
  "Denmark": "dk",
  "United Kingdom": "gb",
  "Finland": "fi",
  "Sweden": "se",
  "Spain": "es",
  "United States": "um",
  "Belgium": "be",
  "Russia": "ru",
  "Estonia": "ee",
  "Canada": "ca",
  "Germany": "de",
  "Austria": "at",
  "China": "cn",
  "Philippines": "ph",
  "HongKong": "hk",
  "Myanmar": "mm",
  "Macao": "mo",
  "Indonesia": "id",
  "Japan": "jp",
  "Australia": "au",
  "Malaysia": "my",
  "New Zealand": "nz",
  "Thailand": "th",
  "Ireland": "ie",
  "Timor Leste": "",
  "found": "au"
}